rawVesNames,mappedVesNames
105 HYODONG CHEMI,105HYODONG CHEMI3
AC-D,AC D
ADAPEARLE,ADAPEARL
ADIYAMAN,ADIYAMAN
AFRICAIN VENTURE,AFRICAN VENTURE
AFRICAN FINFOOD,AFRICAN FINFOOT
AHMET TELLI,AHMET TELLI
AJIA EKATERI,AGIA EKATERINI
AL SAMI,AL SALMI
AL YARMOURK,AL YARMOUK
ALATEPE,ALATEPE
ALCUDI M,ALICUDI M 
ALEKSEY KOGSYGIN,ALEKSEY KOGSYGIN
ALEX SPIRIT,AXEL SPIRIT
ALEYNA MERCAN,ALEYNA MERCAN
ALFA AKDENIZ,ALFA AKDENIZ
ALICE N,ALICE N
ALICE THERESA,ALICE THERESA
ALKINOOS,ALKINOOS
ALTANTIK MIRACLE,ATLANTIK MIRACLE
ALTHINI II,ALITHINI II
ALVANITH,ALVANITH
ALVISE DP,ALVISE DP
AMALIE ESSBERGER,AMALIE ESSBERGER
AMALIE ESSEBERGER,AMALIE ESSBERGER
AMAR GLIFADA,AMAR GLYFADA
AMAZONE,AMAZON
AMBER BEE,AMBER BEE
AMBEROS,AMBELOS
ANDEREY PERVOZVANNY,ANDREY PERVOZVANNIY
ANDOMAN,ANDAMAN
ANDREA D,ANDREA D
ANGRIYA,ANGRIYA
ANNELIESE ESSBERGER,ANNELIESE ESSBERGER
ANNEMASSE,Not found
ANTWERT,ANTWERP
ANUKET RUBI,ANUKET RUBY
Anushree,M.V.ANUSHREE
Apllonas,APOLLONAS
APOGE ENDEAVOUR,APOGEE ENDEAVOUR
APOLLPNAS,APOLLONAS
ARCHAGELOS MICHAIL,PANORMITIS(ARCHAGELOS MICHAEL)
ARGONA,ARAGONA
ARIETA,ARIETTA
ARIETTA LILLY,ARIETTA LILY
ARIETTA LILLY Aft Rn,ARIETTA LILY
ARISS II,ARIS II
ARKLOW CLIEF,ARKLOW CLIFF
ARKLOW MARCH,ARKLOW MARSH
ASC,ASC
ASKLIPIOS,ASKLIPIOS
ASPHALT ESPLENDOR,ASPHALT SPLENDOR
ATHENS VOYAGER - 1ST,ATHENS VOYAGER
ATHENS VOYAGER - 2ND,ATHENS VOYAGER
ATLANTIS ALHAMBRA,ATLANTIS ALHAMBRA
ATLANTIS ALMERIA,ATLANTIS ALMERIA
ATLANTIS ANDAMAN,ATLANTIS ANDAMAN
ATLANTIS ANTIBES,ATLANTIS ANTIBES
ATLANTIS ARACELI,ATLANTIS ARACELI
ATLANTIS ARKI,ATLANTIS ARKI
ATLANTIS AUGUSTA,two vessel with same name
ATRMITOS,ATROMITOS
Australia Bulker,AUSTRALIAN BULKER
AZRA-S,AZRA-S
B GAS MAUD,B GAS MAUD
B SUN,B.SUN
BAKEN LADY,BAKKEN LADY
BALSA 84,BALSA84
BALTIC HEATHER,BALTIC HEATHER
BALTIC WINTER,BALTIC WINTER
BANDIRMA,MT BANDIRMA
BBC DART,BBC DART
BBC EUROPE,BBC EUROPE
BBC GERMANY,JIAN YANG HUA QING
BBC NAPLES,BBC NAPLES
BBC ORION,BBC ORION
BEI HAI MING WAN,BEI HAI MING WANG
BEI HAI YING WANG,BEI HAI MING WANG
Bella V,CAPE BELLA V
BELPARIEL,BELPAREIL
BIRGIT KNUDSEN,BIRGIT KNUTSEN
BOAREAS VENTURE,BOREAS VENTURE
BOMAR HAUMEA,BOMAR HAUMEA
BOMAR HUMEA,BOMAR HAUMEA
BOMAR MARS,BOMAR MARS
BOMAR MERCURY,BOMAR MERCURY
BOMAR VENUS,BOMAR VENUS
BOMAR VESTA,BOMAR VESTA
BONOVA,Multiple vessel
BRITA OLDENDORFF,BRITTA OLDENDORFF
Brite Oldendroff,BIRTE OLDENDORFF
BRO NAKSOV,BRO NAKSKOV
BULE PRIDE,BLUE PRIDE
BUNGA KASTURL ENAM,BUNGA KASTURI ENAM
BW PAVILION ARANTHER,BW PAVILIONARANTHERA
BW THALASSA - 1ST,BW THALASSA
BW THALASSA - 2ND,BW THALASSA
C. PARAGON,G.PARAGON
CABO NEGRO 2,CABO NEGRO II
CAIJUN SUN,CAJUN SUN
CAP THANASIS,CAPT THANASIS
CAPCAP THEODORA,CAP THEODORA
CAPE PIERRE,CAP PIERRE
CARLIPSO,CALYPSO
CARMER,CARMEN
CAROLINE ESSBERGER,CAROLINE ESSBERGER
CASTILLO DE MONTRREAL,Did not found
CBC FUJI,CBC FUYI
CDE ANNA,COE ANNA
CEASAR,CAESAR
CHAILEASE VIRTUE,NAVIOS MARCO POLO
CHANG HANG FENG KAI,CHANG HANG FENG CAI
CHEMTRANS MARS,CHEMTRANS MARS
Chemtrans Saturn,CHEMTRANS SATURN
CL ZHAOGE (MAERSK TIMARU),CL ZHAOGE (MAERSK TIMARU)
CLIPER ODIN,CLIPPER ODIN
CLIPER SKY,CLIPPER SKY
CONSHIP MAX,CONTSHIP MAX
CONSTRUCTOR ZHIVOTOVSKY,CONSTR. ZHIVOTOVSKY
CORAL MEDUSA,CORAL MEDUSA
CORAL PEARL,CORAL PEARL
CORAL SIDEREA,CORAL SIDEREA
CORAL SIDRERA,CORAL SIDEREA
Coreship Oil,CORESHIP OL
COSCO SHIPPING JIN XIU,COSCO SHIPPING JIN XIU
COSCO SHIPPING ZHOU YUE,COSCO SHIPPING ZHUO YUE
COSHONOR LAKE,COSHONOUR LAKE
CROSS RIVER,LNG CROSS RIVER
D&K ABDUL RAZZAK KHALID ZAID AL-KHALID,DK ABDUL RAZZAK KHA
DACIL,DACIL
DARLANA,DALARNA
DARMIK,DARMIK
DARYA SHAN,DARYA SHANTI
DE XING HAI,XING DE HAI
DELTA ATLANTIC,DELTA ATLANTICA
DELTA OCEN,DELTA OCEAN
DESIKTAS DARDANELLES,BESIKTAS DARDANELLES
DHALIA HARMONY,DAHLIA HARMONY
DOMINICO IEVOLI,DOMENICO IEVOLI
DOOLA,DOOLA
DOOLA 7,DOO LA NO.7
DOORA 7,DOO LA NO.7
DOORA STAR,DOOLA STAR
DRACO FAITH,DRACO FAITH
DREDGE BRISBANE,BRISBANE
DUNOUSSA,DONOUSSA
ECO CORSAIR,ECO CORSAIR
ECO ELYSIUM,ECO ELYSIUM
ECO NICAL,ECO NICAL
ECO SEA,ECO SEAS
EEMSLIF DAFNE,EEMSLIFT DAFNE
EKATARINA,EKATERINA
ELANDRA BAY - 2ND,ELANDRA BAY
ELISA AQUILA,ELISA AQUILA
ELLEN ESSBERGER,ELLEN ESSBERGER
EMEK-S,EMEK S
EMIN REIS,EMIN REIS
EMIRALP,EMIRALP
EMPEOROR PAMPERO,EMPEROR PAMPERO
EPHIPHANIA,EPIPHANIA
EPIC BEATA,EPIC BEATA
EPIC BELL,EPIC BELL
EPIC BREEZE,EPIC BREEZE
EPIC MANHATTAN,EPIC MANHATTAN
EPIC SALINA,EPIC SALINA
EPIC SHIKOKU,EPIC SHIKOKU
EPIC ST CROIX,EPIC ST CROIX
EPIC SUSUI,EPIC SUSUI
ESLBORG,ELSBORG
ESTEEM BRILLANCE,ESTEEM BRILLIANCE
ETC NEFETARI,ETC NEFERTARI
EVA DP,DH FEALTY
EVGENTA I,EVGENIA I
EVIAPETROL V,EVIAPETROL V
FAZHA 1,M.V FAZAH 1
FEDEERAL IBUKI,FEDERAL IBUKI
FEDERAL SEVEN,FEDERAL SEVERN
FEYHA,FEYHA N
FLAG FILA,FLAG FILIA
FLAGSHIP VIOLET - 2ND,FLAGSHIP VIOLET
FLORENCE-B,FLORENCE B
FM PROSPERITY,FM PROSPERITY
FMPC C ORIENT,FPMC C ORIENT
FOLTUNE SWAN,FORTUNE SWAN
FORBIN,FORBIN
FOS ATHENES,FOS ATHENS
FPMC MELODY,FPMC C MELODY
FRANCESCO CARRADO,FRANCESCO CORRADO
FREE DAULPHINE,FRI DOLPHIN
FRIENDLY ISLAND,FRIENDLY ISLANDS
FRONT CASADE,FRONT CASCADE
FRONT DUCK,FRONT DUKE
FRONTBALDER,FRONT BALDER
FT PORTORIA,FT PORTORIA
FT QUATRO,FT QUARTO
GALE,GALE
GARAND ACE1,GRAND ACE1
GAS DYNAMIC,GAZ DYNAMIC
GAS SHURIKEN,GAS SHURIKEN
GASCHEM RHONE,GASCHEM RHONE
GASCHEM SHINANO,GASCHEM SHINANO
GASCHEM WESER,GASCHEM WESER
GASLONG GLASGOW,GASLOG GLASGOW
GAZ DYNAMIC,GAZ DYNAMIC
GAZ INTERCEPTOR,GAZ INTERCEPTOR
GCL LEADER Aft Rn,GCL LEADER
GEBURY NICHOLAS A,RIDGEBURY NICHOLAS A
GENCO NORMADY,GENCO NORMANDY
GERES I,CERES I
GIORGIOS B,GIORGOS B
GLANT FLAIR,GANT FLAIR
GLOBAL LIKE,GLOBAL LAKE
GLORIUS HIBISCUS,GLORIOUS HIBISCUS
GNG CONCORD I,GNG CONCORD 1
GOLDEN CLINT,GOLDEN GLINT
governor parkhutdinov,GOVERNOR FARKHUTDINO
GRADMA LILA,GRANDMA LILA
GRAN CONCORD,GRAND CONCORD
GRAND ACE 06,GRAND ACE6
GREEK KMAX 6,GREEN K MAX 6
GREEN AURU,GREEN AURA
HAFNIA AUSTRALIA - 1ST,HAFNIA AUSTRALIA
HAFNIA AUSTRALIA - 2ND,HAFNIA AUSTRALIA
HAPAN,HAPON
HAPPY FALCON,HAPPY FALCON
HARI ARADHANA,M.T HARI ARADHANA
HASSI MESSAOUD,HASSI MESSAOUD 2
HELAN M,HELEN M
HELLAS MARIANA,HELLAS MARIANNA
HENDRIKA MARGARETTA,HENDRIKA MARGARETHA
HITRA,HITRA
HOGEH OSLO,HOEGH OSLO
HOJI,HOJO
HOUSTON VOYAGER,HOUSTON VOYAGER ST
HOUSTON VOYAGER - 1ST,HOUSTON VOYAGER ST
HOUSTON VOYAGER - 2ND,HOUSTON VOYAGER - 2ND
HSL HANA,HSL ANNA
IBEERIAN SEA,IBERIAN SEA
IBERIAN,IBERIAN SEA
IEVOLI GOLD,IEVOLI GOLD
IEVOLI SHINE,IEVOLI SHINE
IJSEL CONFIDENCE,IJSSEL CONFIDENCE
INDIAN VISION,INDIA VISION
INEBOLU,INEBOLU
INTERLINK AFINITY,INTERLINK AFFINITY
IRON DUKE,MV IRON DUKE
ISKEDERUN M,ISKENDERUN M
IVER ACCORD,IVER ACCORD
IVER ACTION,IVER ACTION
IVER BALANCE,IVER BALANCE
IVER BEAUTY,IVER BEAUTY
IVER BEST,IVER BEST
IVER BITUMEN,IVER BITUMEN
IVYAN,IVYAN
JADE BLOSSON,JADE BLOSSOM
JANINE K,JANINE K
JANNES,JANNES
JENNIFER ÿ,JENNIFER III
JHASMIN JOY,JASMIN JOY
JHON PAUL K,JOHN PAUL K
JIU HUA SHAN,JIU HUA SAN
JS ALULAR,JS JAGUAR
JS CHUKAR,JS CHUKAR
JS LEKVAR,JS LEKVAR
KAKAZIMAH III,KAZIMAH III
Kangna,M V KANGNA
KARL-JAKOB K,KARL JAKOB K
KASAN,KAZAN
KASPSALI,KASPSALI
KAZMAH III,KAZIMAH III
KB-4,M.T. K.B.4
KEOJE KOHDELIA,KEOJE CORDELIA
KEONSUL NO.3,KEUN SUL
KETTY C,KITTY C
KIRKBY,KIRKBY
KMARINE RESOURCE,KMARIN RESOURCE
KOCIEWE,KOCIEWIE
Komal,M.V.KOMAL
KOYOT,COYOTE
KRASNODAR - 2ND,KRASNODAR
KRASNODAR - 3RD,KRASNODAR
KRISTEN OLDENDORFF,KIRSTEN OLDENDORFF
KULKAK ARROW,KULJAK ARROW
LA DIGUE,NORD GAINER
LA PATERNAIS,LA PARTENAIS
LADY BEGUN,LADY BEGUM
LANBRIDGE HORIZON,LANDBRIDGE HORIZON
LANDBRDGE FORTUNE,LANDBRIDGE FORTUNE
LANDBRIDGE WISODM,LANDBRIDGE WISDOM
LAS SAUTERNAIS,LA SAUTERNAIS
LAVENTINE SEA,LEVANTINE SEA
LAWHAH - 1ST,LAWHAH
LAWHAH - 2ND,LAWHAH
LEGEND PRISTIGE,LEGEND PRESTIGE
LESSON SWAN,LESSOW SWAN
LIESEL ESSBERGER,LIESEL ESSBERGER
LIESSEL ESSBERGER,LIESEL ESSBERGER
LILA SHANGAI,LILA SHANGHAI
LILLO SWAN,LILLO SWAN
LINDA KOSAN,LINDA KOSAN
LINDANZER,LINDANGER
LNG/C MARAN GAS EFESSOS,MARAN GAS EFESSOS
LNG/C Solaris,SOLARIS
LPG. C/ CAPTAIN NICHOLAS,CAPTAIN NICHOLAS ML
LPG. C/ HELLAS HERCULES,HELLAS HERCULES
LPG. C/ LILAC PROMENADE,LILAC PROMENADE
LPG.C/ ALMORONA,ALMARONA
LPG.C/ BW PINE,BW PINE
LPG.C/ CHAPPARAL,CHAPARRAL
LPG.C/ GAS AL NEGEH,GAS AL NEGEH
LPG.C/ GAS BERYL,GAS BERYL
LPG.C/ JAG VIRAAT,JAG VIRAAT
LPG.C/ SURYA VEERYA,SURYA VEERYA
LPG/C ALMARONA,ALMARONA
LPG/C BW BOSS,GODAVARI GAS
LPG/C BW TRADER,BW TRADER
LPG/C Future Energy,FUTURE ENERGY
LPG/C Gas Young,GAS YOUNG
LPG/C IRIS GLORY,IRIS GLORY
LPG/C KODAIJISAN,KODAIJISAN
LPG/C NANDA DEVI,NANDA DEVI
LPG/C SUNNY BRIGHT,SUNNY BRIGHT
LPG/C. BW BIRCH,BW BIRCH
LPG/C. GAS UMM AL ROWAISAT,GAS UMM AL ROWAISAT
LUCA IEVOLI,LUCA IEVOLI
LUNA ROSSA,LUNA ROSSA
m.v PANCARAN GLORY,PANCARAN GLORY
MAGIC WIND,MAGIC WAND
MAGNOILIA EXPRESS,MAGNOLIA EXPRESS
MAHARAH - 1ST,MAHARAH
MAHARAH - 2ND,MAHARAH
MAINE EIHME,MAINE EHIME
MAINGAS,MAINGAS
Majestic Marina,MAJESTIC MARINA
MANISA CAMILA,MANISA CAMILLA
MARAN GAS KALYMNOS,MARAN GAS KALYMNOS
MARAN HORMONE,MARAN HORMONE
MARAN LIBERA,MARAN LIBRA
MARAN PENWLOPE,MARAN PENELOPE
MARAN THALEIA - 1ST,MARAN THALEIA
MARAN THALEIA - 2ND,MARAN THALEIA
MARIA BOTTILIERI,DONG JIANG MING (MARIA BOTTIGLIERI)
MARINE PRINCES,MARINE PRINCE
MARLIN ARROW,MERLIN ARROW
MARLINE MARSHALL,MARLIN MARSHALL
MAS CONFIDENCE,MAAS CONFIDENCE
MATTEOS I,MATTHEOS I
MAYOURI,MAYOURY
MED ADRIATIC,MED ADRIATIC
MED BLUE JAY,MED BLUE JAY
MED PAKIZA,MED PAKIZE
MED PAKIZE,MED PAKIZE
MEDI ZOUZ,MEDI ZUOZ
MEITIS,METIS
MELIGUNIS,MELIGUNIS M
MERIDIAAN,VERTOM MERIDIAAN
MERLION,MERLION
MINA DENIZ,MINA DENIZ
MINAVA DOXA,MINERVA DOXA
MONTERREY BAY,MONTEREY BAY
MP MR TANKE 2,MP MR TANKER 2
MRC EMIRHAN,MRC EMIRHAN
MRC HATICE ANA,MRC HATICE ANA
MRC SEMIRAMIS,MRC SEMIRAMIS
MSEA LORD,SEA LORD
MT AL JABIRAH,AL JABIRAH
MT ASTRO PLARIS,ASTRO POLARIS
MT BOCHEM CHENNAI,BOCHEM CHENNAI
MT BOCHEM MUMBAI,BOCHEM MUMBAI
MT BUSAN HOPE,BUSAN HOPE
MT CELOSIA,CELOSIA
MT CHEM HARVEST,CHEM HARVEST
MT CHEMROUTE SKY,CHEMROUTE SKY
MT CORONET,CORONET
MT CORONET [B/LOADING],CORONET
MT COURAGE,WORLD COURAGE
MT CT CONFIDENCE,CT CONFIDENCE
MT DAEHO SUNSTAR,DAEHO SUN STAR
MT DAWN HARIWAR,M.T DAWN HARIDWAR
MT DESH ABHIMAN,DESH ABHIMAAN
MT DESH SAMMAN,DESH SAMMAN
MT DESH SHANTI,DESH SHANTI 
MT DESH SHOBHA,DESH SHOBHA
MT DESH SOBHA,DESH SHOBHA
MT DESH SURAKHA,DESH SURAKSHA
MT FAIRCHEM EDGE,FAIRCHEM EDGE
MT GAS COMMERCE,GAS COMMERCE
MT GLOBAL PIONEER,GLOBAL PIONEER
MT GOLBAL POINEER,GLOBAL PIONEER
MT HARMONICS,HARMONICS
MT JAG PADMA,JAG PADMA
MT JAG PRABHA,MT.JAG PRABHA
MT KESTREL,KESTREL
MT MAERSK KATARINA,MAERSK KATARINA
MT NEW LEGEND,NEW LEGEND
MT NORD OCEAN,NORDOCEAN
MT OCEAN CHEMIST,OCEAN CHEMIST
MT PBT AZURA,PVT AZURA
MT POH FANG SINGAPORE,POH FANG SINGAPORE
MT POLARIS HORIZON,POLARIS HORIZON
MT POROS,POROS
MT PRO SAPPHIRE,PRO SAPPHIRE
MT SANMAR SRUTHI [D/T],SANMAR SRUTHI
MT SANMAR SWARA [M/T],SANMAR SWARA
MT SEA VIOLET,SEAVIOLET
MT SOUTH SEA,SOUTH SEA
MT SPARKLE,SPARKLE
MT SULPHUR GUARDIAN,SULPHUR GUARDIAN
MT SWARNA GANGA,SWARNA GANGA
MT SWARNA KALASH,SWARNA KALASH
MT TATAKI,TATAKI
MTM MISSISSIPPI,MTM MISSISSIPPI
MV  DRAGON,DRAGON
MV  GUANA,GUANA
MV  KHALEJIA ANA 3,KHALEJIA ANA 3
MV AG VALOR,AG VALOR
MV AGIA VALENTINI,AGIA VALENTINI
MV AKIJ  NOBLE,AKIJ  NOBLE
MV AKIJ GLOBE (EXP-F) Mech,AKIJ GLOBE 
MV AKIJ HERITAGE,AKIJ HERITAGE
MV AKIJ NOBLE,AKIJ NOBLE
MV AKIJ PEARL,AKIJ PEARL
MV ALDA,ALDA
MV ALGRACE,ALGRACE
MV ALICIA 8,ALICIA 8
MV ALIKI PERROTIS,ALIKI PERROTIS
MV ALKYONI SB,ALKYONI SB
MV ALMAR (Exp-F),ALMAR 
MV AM LIBERIA (MGT-P),AM LIBERIA
MV AN HAI STAR,AN HAI STAR
MV ANITA,ANITA
MV APJ ANGAD 2,APJ ANGAD 2
MV APJ KIAS,M.V.APJ KAIS
MV APRILIA (EXP-F),APRILIA 
MV AQUA VITA SOL (MGT-P),AQUAVITA SOL
MV AQUAVITA SEA (MGT-P),AQUAVITA SEA
MV ARCADIA,ARCADIA
MV ARISTIDIS (MGT-P),ARISTIDIS 
MV ARUN,ARUN
MV ARUN (MGT-P) (Baby Cape),ARUN
MV ASHOK,GCL GANGA
MV AZALEA ISLAND,AZALEA ISLAND
MV AZAO,AZAO
MV BANGLAR JOY JATRA,BANGLAR JOY JATRA
MV BANGLAR JOYJATRA,BANGLAR JOYJATRA
MV BASIC BRAVE (EXP-F),BASIC BRAVE
MV BASIC BRAVE (EXP-F) - NR,BASIC BRAVE
MV BAY YASU,BAY YASU
MV BBC ALBERTA (EXP-F),BBC ALBERTA
MV BBC GREANLAND,BBC GREENLAND
MV BBC GREENLAND  (EXP-F),BBC GREENLAND
MV BBG HONOR (MGT-P),BBG HONOR 
MV BELOCEAN (EXP-F),BELOCEAN
MV BLACK FOREST,BLACK FOREST
MV BLUE LOTUS,BLUE LOTUS
MV BRILIANCE,BRILLIANCE
MV BULK ITALY,BULK ITALY
MV BULK PHILIPPINES (EXP-F) Manual,BULK PHILIPPINES
MV BULK POLARIS,BULK POLARIS
MV BULLDOG,BULLDOG
MV CAPE PROVIDENC E,CAPE PROVIDENC E
MV CAPT V MADIAS,CAPTAIN V. MADIAS
MV CAPTAIN GEORGE,CAPTAIN GEORGE
MV CAROLINE SELMER,CAROLINE SELMER
MV CAS AVANCA(B/L),CAS AVANCA
MV CHINA PRIDE,CHINA PRIDE
MV CHINOOK,CHINOOK
MV CHOLA TREASURE,CHOLA TREASURE
MV CIELO DI ANGRA,CIELO DI ANGRA
MV CONSOLIDATOR,CONSOLIDATOR
MV COUGAR,COUGAR
MV COUGAR (EXP-C) Mech,COUGAR
MV CRIMSON KNIGHT,CRIMSON KNIGHT
MV DAEHO SUNSHINE,DAEH SUNSHINE
MV DARYA JAYA,DARYA JAYA
MV DARYA JAYA (EXP-c) Mech,DARYA JAYA
MV DARYA LAKSHMI (EXP-F) Mech,BERMONDI
MV DELLIGHT (EXP-F) Mech,BELLIGHT
MV DIAMOND STAR II,M V DIAMOND STAR
MV DIANA,DIANA
MV DIVA,DIVA
MV DMC JUPITER,DMC JUPITER
MV DONG MINH,DONG MINH
MV EDWARD OLDENDORFF,EDWARD OLDENDORFF
MV ELAR TRADER,ELAR TRADER
MV ELEEN EVA (EXP-C) Mech,ELEEN EVA
MV ELENA,ELENA
MV ELGIZNUR CEBI,ELGIZNUR CEBI
MV ELGIZNUR CEBI (EXP-F) Mech,ELGIZNUR CEBI 
MV ELINA II,ELINA II
MV ELONA,ELONA
MV ENDLESS HORIZON,ENDLESS HORIZON
MV ENERGY SUNRISE,ENERGY SUNRISE
MV EQUINOX SEAS,EQUINOX SEAS
MV ETERNITY SW,ETERNITY SW
MV ETERNITY SW (EXP-C) Mech,ETERNITY SW
MV ETG SOUTHERN CROSS (EXP-F) Mech,ETG SOUTHERN CROSS 
MV EUROSUN,EUROSUN
MV EVANGELIA D,EVANGELIA D
MV FATEMA JAHAN II,FATEMA JAHAN II
MV FLAG TOM,FLAG TOM
MV FORTUNE WING,FORTUNE WING
MV FOUR RIGOLETTO,FOUR RIGOLETTO
MV FROSSO K,FROSSO K
MV FUJISUKA V-038,FUJISUKA
MV FUTURE ID,FUTURE ID
MV GCL GANGA [ASHOK],GCL GANGA
MV GCL NARMADA [KISHORE],GCL NARMADA
MV GCL SABARMATI,GCL SABARMATI
MV GCL TAPI,GCL TAPI
MV GCL YUMANA,GCL YAMUNA
MV GENIUS STAR X,GENIUS STAR X
MV GEORGE,GEORGE
MV GHOUSTA,GHOUSTA
MV GINGO,GINGO
MV GLORIA 1,GLORIA 1
MV GLOVIS MELODY,GLOVIS MELODY
MV GLOVIS MERMAID,GLOVIS MERMAID
MV GLYFADA I (MGT-P),GLYFADA I 
MV GOLDEN HAWK,GOLDEN HAWK
MV GOLDEN LEAF (EXP),GOLDEN LEAF
MV GREAT BEAUTY,GREAT BEAUTY
MV GV  SKY BEAUTY,SKY BEAUTY
MV HAMDA (EXP-F) Mech,HAMMADA
MV HUGE SW,HUGE SW
MV IKAN SENYUR,IKAN SENYUR
MV INCE  ANKARA,INCE  ANKARA
MV INCE ANADOLU (IMP-F) - P,INCE ANADOLU
MV INDUS TRIUMPH (EXP-C)CP,INDUS TRIUMPH
MV INGENIOUS,INGENIOUS
MV INTERLINK EQUITY,EQUITY
MV IONIC UNICORN,IONIC UNICORN
MV IONIC UNITED,IONIC UNITED
MV IRENE MADIAS (MGT-P),IRENE MADIAS
MV ISHWARI,GCL SABARMATI
MV IVS GLENEAGLES,IVS GLENEAGLES
MV JAG PRABHA,MT.JAG PRABHA
MV JAG RISHI (MGT-P),JAG RISHI 
MV JAHAN MONI ( Exp-F) Mech,JAHAN MONI
MV JAL KUMUD (EXP-C),JAL KUMUD
MV JAL VAIBHAV,JAL VAIBHAV
MV JUBILANT DEVOTION,JUBILANT DEVOTION
MV KAI OLDENDORFF,KAI OLDENDORFF
MV KALEY (EXP-F) Mech,KALEY 
MV KAMBOS,KAMBOS
MV KAMLESH,KAMLESH
MV KAPTAN ARIF BAYRAKTAR,KAPTAN ARIF BAYRAKTR
MV KEEPER,KEEPER
MV KISHORE,GCL NARMADA
MV KLIMA,KLIMA
MV KM LONDON (EXP-F) Mech,KM LONDON 
MV KONKAR THEODOROS,KONKAR THEODOROS
MV KOSMAN,KOSMAN
MV KOUJU LILY,KOUJU LILY
MV KS GRACE,KS GRACE
MV KSL LAKE HILL,KSL LAKE HILL
MV LADY MOON,LADY MOON
MV LAKE D,LAKE D
MV LARUS (EXP-F),LARUS 
MV LILA HOUSTON,LILA HOUSTON
MV LILA II,LILA II
MV LILA KYOTO (EXP-F) Mech,LILA KYOTO 
MV LMZ BIANCA,LMZ BIANCA
MV LMZ FRANCISCO,LMZ FRANCISCO
MV LOCH LONG (MGT-P),LOCH LONG
MV LUCENT,LUCENT
MV LUNA II,LUNA II
MV MAANIKA,AMARNATH
MV MAGNUM ENERGY,MAGNUM ENERGY
MV MAITHILI (EXP-F) Mech,MAITHILI 
MV MALYOVISTA,MALYOVITSA
MV MANA,MANA
MV MANDARIN GRACE,MANDARIN GRACE
MV MANDARIN HANTONG,MANDARIN HANTONG
MV MARINTRUST 01,MARINTRUST 01
MV MEDI EGADI (MGT-P),MEDI EGADI 
MV MEGHNA ENERGY (EXP-F) - Mech,MEGHNA ENERGY
MV MEL VISION,MEL VISION
MV MERLIN (EXP-F),MERLIN 
MV MESSINIAN SPIRE (EXP-F) Mech,MESSINIAN SPIRE
MV MG SAKURA (MGT-P),MG SAKURA 
MV MIRABELLA,MIRABELLA
MV MSC MAGALI,MSC MAGALI
MV MSC MAGALI (LOA/254/BM/43 ),MSC MAGALI
MV MYTHOS (EXP-C),MYTHOS 
MV NAVDHENU SUN,NAVDHENU SUN
MV NAVIIS SOUTHERN STAR,NAVIOS SOUTHERN STAR
MV NAVIOS AMARYLLIS (EXP-F),NAVIOS AMARYLLIS 
MV NAVIOS PROSPERITY I (MGT-P),NAVIOS PROSPERITY I 
MV NAVIOUS AMARYLLIS,NAVIOS AMARYLLIS
MV NEW GALAXY,NEW GALAXY
MV NICOLAOS A,NICOLAOS A
MV NIGHT  HAWK,NIGHTHAWK
MV NORD AURORA (EXP-F),NORD AURORA
MV NOSHIMA,NOSHIMA
MV OCEAN CROWN (EXP-F),OCEAN CROWN 
MV OCEAN DESTINY,OCEAN DESTINY
MV OCEAN LOVE,OCEAN LOVE
MV OCEAN VENUS (EXP-F) Mech,OCEAN VENUS 
MV OLIVIA (EXP-F),OLIVIA
MV OLYMPIC PIONEER,OLYMPIC PIONEER
MV OLYMPIC PIONEER (EXP-C) Mech,OLYMPIC PIONEER
MV OROMOS,ORMOS
MV OSPREY BULKER,OSPREY BULKER
MV PAC  ANTARES,PAC  ANTARES
MV PAN KRISTINE,PAN KRISTINE
MV PANAGIA KORONA,PANAGIA KORONA
MV PATRICIA OLDENDROSS (LOA-255/Beam-43),PATRICIA OLDENDORF
MV PHILLIP OLDENDORFF (MGT-P) (L-254/B-43),PHILIPP OLDENDORFF
MV PIONEER DREAM,MAC DALIAN
MV PIONEER ELITE,PIONEER ELITE
MV PIONEER FORTUNE (IMP-F),PIONEER FORTUNE
MV POAVOSA WISDOM,POAVOSA WISDOM
MV PRIMA VEERA II,PRIMAVERA II
MV PROPEL PROGRESS,PROPEL PROGRESS
MV REA,REA
MV RED FIN (EXP-F),RED FIN
MV REK GRACE,REK GRACE
MV ROMANDIE,ROMANDIE
MV RUSLANA,RUSLANA
MV SAEFE SEA ANYA,SAFESEA ANYA
MV SAGAR JEET,SAGAR JEET
MV SAGARJEET,SAGARJEET
MV SANMAR  SITAR,SANMAR  SITAR
MV SCARLET ROSELLA (MGT-P),SCARLET ROSELLA
MV SEA FORTUNE,SEA FORTUNE
MV SHAKTHI II,SAKTHI 2
MV SHAKTHI II (B/L),SAKTHI 2
MV SHE JYOTHI,SHEJYOTI
MV SHEJOTHI,SHEJYOTI
MV SHENG XIANG HAI  (EXP-F),SHENG XIANG HAI
MV SHER-E PUNJAB (EXP),SHER-E PUNJAB
MV SHIMANAMI STAR,SHIMANAMI STAR
MV SHRAVAN,SHRAVAN
MV SIMGE AKSOY,SIMGE AKSOY
MV SIRRAH,SIRRAH
MV SM AURORA,SM AURORA
MV SOLAR AFRICA,SOLAR AFRICA
MV STAR CRIOS  (EXP-F) - P,STAR CRIOS
MV STAR ELIZABETH (MGT-P),STAR ELIZABETH
MV STAR JEANNETTE,STAR JEANNETTE
MV STAR NASIA,STAR NASIA
MV STAR NORITA,STAR NORITA
MV STAR PEGASUS,STAR PEGASUS
MV STAR RENEE (MGT-P),STAR RENEE
MV STELIOS B,STELIOS B
MV STRATEGIC HARMONY,STRATEGIC HARMONY
MV STRIGGLA,STRIGGLA
MV SYROS ISLANDS,SYROS ISLAND
MV TAN BINH 259,AN BINH 259
MV TAN BINH 259 (EXP-F),TAN BINH 259
MV TAN BINH 59,TAN BINH 59
MV TEAM GUARD  (EXP-F),No
MV THOR MENELAUS,THOR MENELAUS
MV TRISTAR PROSPERITY (EXP-C),TRISTAR PROSPERITY
MV TUHINA,TUHINA
MV ULTRA DURBAN,ULTRA DURBAN
MV UNTIY EXPLORER,UNITY EXPLORER
MV V BRAVO (EXP-F),V BRAVO
MV V STAR,V STAR
MV VICTORY C,VICTORY C
MV VISHVA ANAND,VISHVA ANAND
MV VISHVA CHETNA (MGT-P),VISHVA CHETNA
MV VISHVA JYOTI (MGT-P),VISHVA JYOTI
MV VISHVA UDAY (EXP-C),VISHVA UDAY
MV VISHVA UDAY (MGT-P),VISHVA UDAY
MV VOLOS (MGT-P),VOLOS
MV VSC CASTOR,VSC CASTOR
MV VSG  DREAM,VSG DREAM
MV VSTAR,VSTAR
MV WESTERN SINGAPORE,WESTERN SINGAPORE
MV WL UGLICH,WL UGLICH
MV YASA PIONEER,YASA PIONEER
MV YUN TONG,YUN TONG
MV ZEPHYR VENTURE,ZEPHYR VENTURE
MV ZHEN HUA 26,ZHEN HUA 26
MV ZHEN HUA 36,ZHEN HUA 36
MV. AOM JULIA [GL],AOM JULIA
MV. ARPEGGIO [GL],ARPEGGIO
MV. AS ELBIA,AS ELBIA
MV. BBC GREENLAND,BBC GREENLAND
MV. BERGE HOVERLA [GL],BERGE HOVERLA
MV. GRAND RADIANT [GL],GRAND RADIANT
MV. HAI JIN,HAI JIN
MV. LORIENT [GL],LORIENT
MV. PENELOPE I [GL],PENELOPE I
MV. SAUVAN [GL],SAUVAN
MV. SHOU CHEN SHAN,SHOU CHEN SHAN
MV. VANTAGE KEY,VANTAGE KEY
MV. VISHVA PREETI  [GL],VISHVA PREETI 
MV. VISHVA PRERNA,VISHVA PRERNA 
MVAN HAI STAR,AN HAI STAR
NARCEA,MT NARCEA
NAVE PHOTO,NAVE PHOTON
NAVE SERNERGY,NAD SBERGY (NAVE SYNERGY)
NAZIA ZAHAN,NAZIA JAHAN
NBA MAGRITE,NBA MAGRITTE
Nea Alpis,NEA ELPIS
NEW ADVANE,NEW ADVANCE
NEW FRONTOER,NEW FRONTIER
NEW HARMONEY,NEW HARMONY
NEW SPING,NEW SPRING
NEW VANGARD,NEW VANGUARD
NNC HAIEL,NCC HAIEL
NOBEL ACE,NOBLE ACE
Nord Imbari,LEIA
NORDIC TATANIA,NORDIC TATIANA
NORDICH THUNDER,NORDIC THUNDER
NORODOLPHIN,NORDDOLPHIN
NORTHSEA ALPHA,MARINE HERCULES
NORTHSEA BETA,MARINE MOON
NORTHSEA LOGIC,NORTHSEA LOGIC
NORTHSEA RATIONAL,NORTHSEA RATIONAL
NS COLOMBUS,NS COLUMBUS
NS SPRIT,NS SPIRIT
OLYMPIC FRIEND,OLYMPIC FRIENDSHIP
ORAKAI,ORAKAI
ORALUNA,ORALUNA
ORALYNN,ORALYNN
ORATUULIA,ORATUULIA
ORIENTAL DAPHINE,ORIENTAL DAPHNE
ORIENTAL HIBISCUS,ORIENTAL HIBISCUS
OSHIMA TRADER,OSHIMA TRADER
OTTIMAN SINCERITY,OTTOMAN SINCERITY
OWL 5,OWL 5
PACFIC EXPLORER,PACIFIC EXPLORER
PALLS ORUST,GOLDEN SPLENDOR (PALLAS ORUST)
PAM BICORN,PAN BICORN
PELLA Aft Rn,PELLA
PHAEPHON,PHAETHON
PHOENIX REISEN,PHOENIX RISING
PIA,PIA
POR ALLIANCE,PRO ALLIANCE
PORTATISSA,PORTAITISSA
PRIMO I,PRIMO 1
PROODOS,PROODOS
PS VALLETA,PS VALLETTA
QIKITAALUK W.,QIKIQTAALUK W
QUEEN JUDY,QUEEN JUDI
RAS GHUMASY-I,RAS GHUMAYS I
RC BEHAR,RC BEHAR
RED NOON,RED NOVA
REHOBOTH,REHOBOTH
REKON,REKON
RHAED RAOID,RHAEO RAPID
RHL DRESDEN,SCOT DRESDEN
RHOURD EL HAMBRA,RHOURD EL HAMRA
RIDGEBURY CAPTAIN DROGIN,RIDGEBURY CAPTAIN DR
RIDGERUBY JOHN ZIPSER,RIDGEBURY JOHNZIPSER
RODIGEBURY CAPTAIN DR,RIDGEBURY CAPTAIN DR
ROSAIRE DESGAGNES,ROSAIRE A.DESGAGNES
RUBY EN+C514TERPRISE,RUBY ENTERPRISE
RVTG,RVTG
SAKISAYA WISDOM,SAKIZAYA WISDOM
SAKIZAYA VICTORY Aft Rn,SAKIZAYA VICTORY
SAMARA,FRONT SAMARA
SAN RAMON VOYAGE,SAN RAMON VOYAGER
SANTA PAWLINA,SEAVEN PRIDE
SCALI DEL PONTINO,SCALI DEL PONTINO
SCALI DEL TEATRO,SCALI DEL TEATRO
SCALI REALI,SCALI REALI
SCALI SANLORENZO,SCALI SANLORENZO
SCARLET MANX,SCARLETT MANX
SCF BAIKAL - 1ST,SCF BAIKAL
SCF BAIKAL - 2ND,SCF BAIKAL
SEA TRIBUT,SEATRIBUTE
SEAWAY TYBEE,SEAWAYS TYBEE
SEAWAYS AMBROSE,SEAWAYS AMBROSE
SEAWAYS CANAVERAL,CAN KA
SEAWAYS GATUN,SEAWAY GATUN
SEYCHELLES PIONER,SEYCHELLES PIONEER
SILVER ETERMA,SILVER ETREMA
SILVER HERA,SILVER HEBA
SM ROBERT BANK,SM ROBERTS BANK
SMERU,SMERU
SOLOMON SEA - 1ST,SOLOMON SEA
SOLOMON SEA - 2ND,SOLOMON SEA
SONANGOL NAMBIE,SONANGOL NAMIBE
SOUSTA,SOUSTA
SPYROS - 2ND,SPYROS
STAR NICOLI,STAR NICOLE 
STATI,STATIA
STELLA KOSAN,STELLA KOSAN
STOLT OSPREY,STOLT OSPREY
STOLT SANDPIPER,STOLT SANDPIPER
STOLT SEAGULL,STOLT SEAGULL
STRATEGC SYNERGY,STRATEGIC SYNERGY
S-TRESURE,S-TREASURE
SUGER RATAN,SAGAR RATAN
SUNNY LIGER,SUNNY LIGER
SWOR,SWORD
SYN ZANIA,SYN ZANIA
TANAB,TANAB
TBA,TBA
TBN,TBN
TCLC LUZOU,TCLC LUZHOU
TENNA KOSAN,TENNA KOSAN
TORM AMELIE,TORM AMALIE
TORM MATHILDE - 1ST,TORM MATHILDE
TORM MATHILDE - 2ND,TORM MATHILDE
TRACEY KOSAN,TRACEY KOSAN
TRANS EMERALD,TRANS EMERALD
TRANS HOLM,TRANS HOLM
TRANSGAS FORCE,TRANSGAS FORCE
TRAVIATA,TRAVIATA
TRIDENT SYMPHON,MIRAME (TRIDENT SYMPHONY)
Tsukuymoi Harmony,TSUKUYOMI HARMONY
TTM SUCCES,TTM SUCCESS
UACC MASSAFI,NCC MASAFI
ULTRA ESTERHAZI,ULTRA ESTERHAZY
UMAR 1,UMAR 1
Umm Al Lulu 1,UMM AL LULU-I
UNION SAGE,UNISON SAGE
UNIVERSIAL WINNER,UNIVERSAL WINNER
UNIVESAL VICTOR,UNIVERSAL VICTOR
V. HARMONY - 1ST,V. HARMONY
V. HARMONY - 2ND,V. HARMONY
V. PROSPERITY - 1ST,V. PROSPERITY
V. PROSPERITY - 2ND,V. PROSPERITY
V. TRUST - 1ST,V. TRUST
V. TRUST - 2ND,V. TRUST
VALENTINA BLUE,VALENTIA BLUE
VANNA,VANNA
VEMAOIL XIV,VEMAOIL XIV
VF TANKER 19,VF TANKER-19
VF TANKER 9,VF TANKER-9
VICTOR KONETS,VICTOR KONETSKY
VICTOR TITOV,VIKTOR TITOV
VINTERLINK VERITY,VERITY
VISAYAS,VISAYAS
VL PROSPERIT,VL PROSPERITY
VS LARA,VS LARA
VSX POLLUX,VSC POLLUX
VUAYANAGAR,VIJAYANAGAR
WAIST,WAIST
WILHELMIN ESSBERGER,WILHELMINE ESSBERGER
WL KRILLOV,WL KIRILLOV
WOO CHONN,WOO CHAN
WOO DING,WOO DONG
WULLIN,WULIN
xuyang 19,XU YANG 19
YASA GOLDEN BOSPHORU,YASA GOLDENBOSPHORUS
YASA GOLDEN BOSPHORYUS,YASA GOLDENBOSPHORUS
YM PLUTO,YM PLUTO
YOKUN,YUKON
YU LONG FENG,YUN LONG FENG
ZAIV BAIKAL,ZALIV BAIKAL
ZALIV AMALIKA,ZALIV AMERIKA
ZEUGMAN,ZEUGMAN
ASL CRYSTAL,DAHLIA HARMONY
CELCIUS MALAGA,CELSIUS MALAGA
CRIMSON EXPRESS,CRIMSON EMPRESS
D&K ABDUL RAZZAK KHALID ZAID,DK ABDUL RAZZAK KHA
FLEET TRADER II,SAI AN DA
GEORGE B,MT MARI UGLAND
HAFNIA MIKALIA,HAFNIA MIKALA
HAFNIA SPARK,NAVIG8 SPARK
NAVIG8 SUCCES,NAVIG8 SUCCESS
SCARLETT ROSELLA,SCARLET ROSELLA
WILLIARD J,WILLARD J
ZUORVA,ZOURVA
AJ-JIMI,AL-JIMI
MARLINE HERA,MARLIN HERA
STI MARACLE,STI MIRACLE
KMARINE REGARD,KMARIN REGARD
ANGELORIA,ANGELONIA
"BAHRI IRIS, 241-F-101, 241-F-102",BAHRI IRIS
"CLIPPER HELEN, 40-S-1052",CLIPPER HELEN
"DORIC PIONEER, Vopak 610, Vopak 301",DORIC PIONEER
"ELKA COSMOS, Vopak 301, Vopak 604, Vopak 601",ELKA COSMOS
"ELKA DELPHI, Vopak 605",ELKA DELPHI
"GH AUSTEN, Vopak 301",GH AUSTEN
"HAPPY OSPREY, 40-S-1052",HAPPY OSPREY
"HELLAS MARIANNA, Vopak 604, Vopak 610",HELLAS MARIANNA
"KITHNOS, 40-S-1052",KITHNOS
NAVIG8 AXINITE (Contacts: master.navig8axinite@suntech-fleet.com),HAFNIA AXINITE
"NAVIG8 SKY, OMC TK-503 A",CHEM STAR 1
"SEA KING, vopak 401",SEA KING
"STI GRAMERCY, DUGAS 701A, DUGAS 701B",STI GRAMERCY
Seahan Intrasia,SAEHAN INTRASIA
"TORM HARDRADA, 141-F-085, 141-F-083",TORM HARDRADA
AMIS WISDON 2,AMIS WISDOM II
AROZOU,AROUZU
BERGE TRONATOR,BERGE TRONADOR
BESKIDI (1st),BESKIDY
BROACH RICH,BROAD RICH
BTG KAILASG,BTG KAILASH
BTG OLYMPUS,BTG OLYMPOS
BUFALLO,BUFFALO
CARAVOS GLORY - 02ND BERTH,MV CARAVOS GLORY
CIELO DE MONACO,CIELO DI MONACL
CMB VAN DUCK,CMB VAN DIJCK
CORCKSCREW,CORKSCREW
DARYA KIRTH,DAYRA KIRTHI
DIAMONGATE,DAIMONGATE
EM MAY,EN MAY
EMERALD PLUTO,EMERALD PUTUO
FAME - 02ND BERTH,FAME
YUTAI AMBITTIONS,YUTAI AMBITIONS
BBC GRACE,BBG GRACE
ZOE XL,ZOI XL
FALKONEIRA (1ST),FALKONERA
FALKONEIRA (2ND),FALKONERA
SEARIDER - 02ND BERTH,SEARIDER
BBZ LIUZHOU (1st),BBG LIUZHOU
TBI PRESTIGE,TBC PRESTIGE
ERMIS - 02ND BERTH,ERMIS
DANAÃ,DANAE
MAIAS,MAIA
ONARK,OZARK
ORMUS,ORMOS
YAN SHUN HAI,YUAN SHUN HAI
GREAT ULRIKEN,BTG ULRIKEN
ZOI XL²,ZOI XL
ZOI XL¹,ZOI XL
WANGARATA (1st),WANGARATTA
WANGARATA (2nd),WANGARATTA
NEOFOTISTOS,CAPTAINJ.NEOFOTISTOS
SHADONG FU,SHANDONG FU YI
GMG CONCORD 3,GNG CONCORD3
VISNHA VINAY,VISHVA VINAY
GIOVANI CORRADO,GIOVANNI CORRADO
GLIZZLY (2nd),GRIZZLY
GLORIA DINA,GLORY DINA
GM MATHILDE,GW MATHILDE
GOLDEN CECILE,GOLDEN CECILIE
HANTON TRADE II,HANTON TRADER II
ISKENDEREUN,ISKENDERUN M
JF BIANCA,FJ BIANCA
JIN XIAN FENG (1st Berthing),JIN XIA FENG
JIN XIAN FENG (2nd Berthing),JI XIAN FENG
KAMARIN GENEO,KMARIN GENOA
KONKAR ADVENTURE,KONKAR VENTURE
LA LOIRAS,LA LOIRAIS
LA LORAIS,LA LOIRAIS
LAS LANDRIAIS,LA LANDRIAIS
LEVANTE - TOP-OFF,LEVANTE
GNC CONCORD 3,GNG CONCORD 3
MAGIC SAN,MAGIC SUN
ZHEN YAO (2nd),ZHENG YAO
PANTAZIS,PANTAZIS L
OCEAN BAR-STAR,OCEAN STAR
SEA CHARMMAY,SEA CHARM
WAL PACIFIC,W PACIFIC
TLCL LUZHOU,TCLC LUZHOU
TERN BULK,TERN BULKER
KM JADE,KM MT. JADE
KALIXENOS II,KALIXENOS
M PIREAS,S PIRAEUS
SAMPA BAY,TAMPA BAY
NORD AIRES 1,NORD ARIES
CAPE CASOS,CAPE KASOS
MEGIC PERSUS,MAGIC PERSEUS
FENG GUANG FENG,YUE GUAN FENG
NOKETSU CENTURY,HOKUETSU CENTURY
PRISCILA VENTURE,PRISCILLA VENTURE
STAR CAMILA,STAR KAMILA
TERESA JANGSU,THERESA JIANGSU
SBI MAMBA,S Samba 
SCARLET ALBATROOS,Xanadu
SCARLET ALBATROS,Xanadu
SEAGLE,SEAGULL 
SEGUARDIAN,THE GUARDIAN
SHANGDONG FU HEN,SHANDONG FU REN
SOYABEANI RUMBA,S RUMBA
SOYABEANI SUBARU,STAR SUBARU
SYMMETRY,GLORIA G
THESSALONIK,AMOY SUNNY
WALL CONFIDENCE,PRINCESS SHAHD
YUAN NA HAI,YUAN AN HAI 
GENCO COLUMBA (2nd),GENCO COLUMBIA
HANDONG FU YI,SHANDONG FU YI
TOMNI DINASTY,TOMINI DYNASTY
GLYKOFILLOUSA,GLYKOFILOUSSA
KATHERINE III,KATERINA III
BTS KAILASH,KAILASH
PEDHOLAS FARMER,FARMER
KMABOS,KAMBOS
STHALA,STAHLA
YOAZAN,YOZAN
OURANA LUCK (3rd),OURANIA LUCK
KALIOPI L (1st),KALLIOPI L
KALIOPI L (2nd),KALLIOPI L
KALIOPI L (3rd),KALLIOPI L
HANZE GDANKZ,HANZE GDANSK
NBA MILLI,NBA MILLET
UBS STOCKHOLM,UBC STOCKHOLM
STAR DANAE,STAR DANAI
TUO FUO 8,TUO FU 8
SHANDONG FU,SHANDONG FU DE 
NORD ATRIATIC (1ST),NORD ADRIATIC
NORD ATRIATIC (2ND),NORD ADRIATIC
PSSAROS D,PSARROS D
ELPIDIA,ELPIDA
ASTERA,ASTREA
GLIZZLY,GRIZZLY
LIMONAS,LIMNIONAS
ULISSES,NAVA ULYSSES
LOWLANDS CONFORT,BULLDOG
MG CRONOS,MG KRONOS
MP KAMSARMAX I,MP KAMSARMAX 1
NARA l,NARA I
NAVIGARE BONITA,GENCO MADELEINE
NAVIOS FACILITY I,NAVIOS FELICITY I
NAVIOS GALAXY II,NAVIOS GALAXY HL DU4
NBA VAN GONCH,NBA VAN GOGH
PREDADORE,PREDATOR
RODHES,RHODES
RYSE,RIZE
SANTA EIRINI,SANTA IRINI
SANTA INÃS,SANTA INES
SANTO ANTONIO,SAN ANTONIO
WV INA-LOTTE,INA-LOTTE
MAGIC RAINBOW - 01ST BERTH,MAGIC RAINBOW
MAGIC RAINBOW - 02ND BERTH,MAGIC RAINBOW
MG EXPLORER 01ST BERTH,MG EXPLORER
MG EXPLORER 02ND BERTH,MG EXPLORER
HAKURA,HAKUTA
KAREM,KAREMA
MEDI SAGOYA,MEDI NAGOYA
NEFELY,NEFELI
AS JABAL ALMISHT,JABAL ALMISHT
MAHA ROSS,MAHA ROOS
STR DORA,SDTR DORA
AVICL ARTEMIS,AVICL ATERMIS
JAMAICA BAY (01ST BERTH),JAMAICA BAY
LCORN EUROPA,CORN
BRIGHT WINT,BRIGHT WIND
MEDI SEPARO,MEDI SERAPO
PEACE GEAM,PEACE GEM
ALPHA VISITION,ALPHA VISION
CSC ROTTERDAM,CSSC ROTTERDAM
MSTX OCEANUS,OCEANUS
SERENE JUNITER,JUNIPER
THE GIVER - 01ST BERTH,THE GIVER
THE GIVER - 02ND BERTH,THE GIVER
SHANDONG FUI YI,SHANDONG FU YI
CAPTAIN TASSOS,CAPTAIN TASSOS
GEM GREEN,GREEN GEM
GENCO CONSTALLATION,GENCO CONSTELLATION
CPT GEORGIS S,CPT GEORGIOS S
TRANSCEDEN WISDOM,TRANSCENDEN WISDOM
CAPETAN VASSALIS II,CAPETAN VASSILIS II
JACOB OLDENDORF,JACOB OLDENDORFF
REX OLDENDORF,REX OLDENDORFF
TRANCENDEN DIAMOND,TRANSCENDEN DIAMOND
NORD CHEPAPEAKE,NORD CHESAPEAKE
EURIPEDES GRAECIA,EURIPIDES GRAECIA
STRETEGIC FORTITUDE,STRATEGIC FORTITUDE
SHANGDONG FU ZHI,SHANDONG FU ZHI
COPENHAGEM EAGLE,COPENHAGEN EAGLE
TRANCENDEN STAR,TRANSCENDEN STAR
CP GANGZHOU,CP GUANGZHOU
MERCURAL VIRGO,MERCURIAL VIRGO
CHYSANTHI S,CHRYSANTHI S
LAURANCE FRANCOISE,LAURENCE FRANCOISE
CLIPPER APOLONIA,CLIPPER APOLLONIA
GENCO AQUITAIME,GENCO AQUITAINE
AOM FREDERICA,AOM FEDERICA
OCCITAN PAULLIAC,OCCITAN PAUILLAC
TBC PROFRESS,TBC PROGRESS
VIRTUOS STRIKER,VIRTUOUS STRIKER
STAR JAENNETTE,STAR JEANNETTE
DIMITRIUS T,DIMITRIOS T
NAVIOS CENTAUROS,NAVIOS CENTAURUS
EVER RELAINCE,EVER RELIANCE
PRIMORSE ATLANTIC,PRIMROSE ATLANTIC
EVOKIOS THEO,EVOIKOS THEO
CHARISM GR,CHARISMA.GR
SAKISAYA TREASURE,SAKIZAYA TREASURE
SAKYZAYA HERO,SAKIZAYA HERO
ESMERALD BAISHA,EMERALD BAISHA
SOPHOCLES GRECIA,SOPHOCLES GRAECIA
HOKETSU CENTURY,HOKUETSU CENTURY
LAMESSOS WIND,LEMESSOS WIND
YASA H MEMET,YASA H.MEHMET
FLORENTINE OEKTER,FLORENTINE OETKER
BBG TEISHAN,BBG TIESHAN
STAR JEANNETE,STAR JEANNETTE
AMIS WISDOW I,AMIS WISDOM I
TRITONS WIND I,TRITON WIND I
GREEN SAPHIRE,GREEN SAPPHIRE
KATERINE III,KATERINA III
NAVIOS ASTERISKS,NAVIOS ASTERIKS
PANTASIS L,PANTAZIS L
PRIMEROSE ATLANTIC,PRIMROSE ATLANTIC
CRIMNSON EMPRESS,CRIMSON EMPRESS
FRIEDRICH SHULTE,FRIEDRICH SCHULTE
HARVERT TIME,HARVEST TIME
NICOS TOMASSOS,NICOS TOMASOS
UNIVERSAL PIONNER,UNIVERSAL PIONEER
INDONESIA BULKER,INDONESIAN BULKER
SHINNING BLISS,SHINING BLISS
SUMMIT SUCESS,SUMMIT SUCCESS
YM PIONNER,YM PIONEER
OCEAN SCALION,OCEAN SCALLION
HANZE GDANKS,HANZE GDANSK
BBG  QUINZHOU,BBG QINZHOU
BBG GUIANG,BBG GUIGANG
CL TIFANY,CL TIFFANY
HORIZON DIAMON,HORIZON DIAMOND
INVESTOS X,IVESTOS X
NORD PINGUIN,NORD PENGUIN
THOR CURAGE,THOR COURAGE
ULTRA LANINGAN,ULTRA LANIGAN
JAG ARAATI,JAG AARATI
KAMRIN SINGAPORE,KMARIN SINGAPORE
CHRISTIANA B,CHRISTINA B
MARGARETH PISSAREK,MARGRETH PISSAREK
STAR NADZYIE,STAR NADZIYE
CRAVOS HARMONY,CARAVOS HARMONY
DESPIDA D,DESPINA D
ESMERALD BAY,EMERALD BAY
GIORGIA T,GEORGIA T
HORINZON DIAMOND,HORIZON DIAMOND
HUAYING SPIRIT,HUAYANG SPIRIT
LIBERT BAY,LIBERTY BAY
ORIENT DINASTY,ORIENT DYNASTY
RAINBOWN N,RAINBOW N
SEATLLE HARMONY,SEATTLE HARMONY
SSANKATY EAGLE,SANKATY EAGLE
THAITI ONE,TAHITI ONE
NAVIOS HERACLES I,NAVIOS HERAKLES I
BOYANT GARNET,BOYANG GARNET
HSL ATHENES,HSL ATHENS
JABAL AWKAWR,JABAL ALKAWR
JAUNT JENNY,JAUNTY JENNY
KAMARIN GENOA,KMARIN GENOA
MASTROS NIKOS,MASTRO NIKOS
NEW SUCESS,NEW SUCCESS
SEA PEAGASUS,SEA PEGASUS
SEA PROTHEUS,SEA PROTEUS
GCL GREEZE,GCL GREECE
PANAMAX NOSTROS,PANAMAX NOSTOS
MIM VANGEUS JR,MIM VANGELIS JR
YANNIS N.G,YIANNIS N.G.
SWFIT HANGZHOU,SWIFT HANGZHOU
STAR ALESSA,STAR ALESSIA
STAR SUZANNAH,STAR SUZANNA
TAI KINGDON,TAI KINGDOM
TAI SPLENDOUR,TAI SPLENDOR
ALPHA LEGALY,ALPHA LEGACY
CL PEXING,CL PEKING
CORAL JAASPER,CORAL JASPER
KAMARIN OSLO,KMARIN OSLO
NORD COPER,NORD COPPER
TOMNI UNITY,TOMINI UNITY
ULTRA COLGAR,ULTRA COUGAR
WOLRD PROSPER,WORLD PROSPER
CAMELIA BLISS,CAMELLIA BLISS
GREAT SPIRITY,GREAT SPIRIT
GREEK K-MAX 1,GREEN K-MAX 1
STAR JANNETTE,STAR JEANNETTE
STAR JEANETTE,STAR JEANNETTE
ID PIONER,ID PIONEER
TRISTAR DUGAN,TRISTAR DUGON
TRISTAR DUNGON,TRISTAR DUGON
NORD AIRES,NORD ARIES
MAGNA GRAECA,MAGNA GRAECIA
ARTIC OCEAN,ARCTIC OCEAN
JIA FOISON²,JIA FOISON
JIA FOISON¹,JIA FOISON
OCEAN BEUTY,OCEAN BEAUTY
OMICRON NIKUS,OMICRON NIKOS
GREEK DRIENDSHIP,GREEK FRIENDSHIP
CRISTAL CONFIDENCE,CRYSTAL CONFIDENCE
YANGTZE NAVIGATION,YANGZE NAVIGATION
OBESESSION,OBSESSION
YU ZHU FHENG,YU ZHU FENG
BEITEIGEUZE,BETEIGEUZE
GIOACOMETTI,GIACOMETTI
OCEANBEAUT,OCEANBEAUTY
INDIAN SOLIDARY,INDIAN SOLIDARITY
SAGAR RATAM,SAGAR RATAN
SAKIZAYA BRACE,SAKIZAYA BRAVE
SAKIZAYA KALOLN,SAKIZAYA KALON
STAR ARTRID,STAR ASTRID
ASTREA SB,ASTRAEA SB
PORT PHILIP,PORT PHILLIP
HIILMA BULKER,HILMA BULKER
PREVAIL STAIR,PREVAIL STAR
CRISTAL OCEAN,CRYSTAL OCEAN
MING SHENG 1,MINGSHENG1
PEDHOULAINS CHERRY,PEDHOULAS CHERRY
ATHINOUILA,ATHINOULA
FALKONEIRA,FALKONERA
IWAGE ISLAND,IWAGI ISLAND
PRINCESS DORI,PRINCESS DORIS
YANNIS B,YIANNIS B
FAIR LDAY,FAIR LADY
MSTX ATHENA,MSXT ATHENA
BBG HONOUR,BBG HONOR
OCCITAN PAULIAC,OCCITAN PAUILLAC
SHANDONG HAI XIN,SHANDONG HAI XING
ZHONG XING  PEARL,ZHONG XIN PEARL
LADY BELLAMIA,LADY BELLAMELIA
MAHAA AARTI,MAHA AARTI
ATINA CARRAS,ATHINA CARRAS
STDR FAITH,SDTR FAITH
GRAND ISLAND,GRANDE ISLAND
DIMITRIUS,DIMITRIS
INTUTION,INTUITION
KERVEIROS,KERVEROS
LIMIONAS,LIMNIONAS
LOMNIONAS,LIMNIONAS
SHOVELLER,SHOVELER
VOLUNTINA,VOLUTINA
MENEALOS,MENELAOS
NAVIOS ATHOS,NAVIOS ANTHOS
DARIA PADMA,DARYA PADMA
JIN XIAN FENG,XIN JIN FENG
XING SHUM HAI,XING SHUN HAI
CHLOE ISLAND,CHILOE ISLAND
STAR JAENETTE,STAR JEANNETTE
BLESSED LUCKY,BLESSED LUCK
KMAZ LEADER,KMAX LEADER
LAKE DOWN,LAKE DAWN
MEDI OTA,MEDI OITA
RIJIN CONFIDENCE,RIJN CONFIDENCE
STDTR FAITH,SDTR FAITH
XING RONG,RONG XIANG
MAGNA GRECA,MAGNA GRAECIA
VINCENT TRADER (02nd),VINCENT TRADER
GEORGIS,GEORGIOS
GOLAFRUS,GOLAFRUZ
LAUSANE,LAUSANNE
MARIBELA,MARIBEL
RELIABRE,RELIABLE
VOLUNTIA,VOLUTINA
MERCURIAL VIGO,MERCURIAL VIRGO
HAVERT TIME,HARVEST TIME
GUO YAN 28,GUO YUAN 28
WEN ZU HAI,WEN ZHU HAI
ULTRA JAGUAR 1,ULTRA JAGUAR
DIONE GR,DIONI.GR
SCARLET ROBIN 2,SCARLET ROBIN
WHEN ZHU HAI,WEN ZHU HAI
ELLEN NEPTUNE,ELEEN NEPTUNE
ORIENT PROMOTION,ORIENTAL PROMOTION
JUBILANTE DEVOTION (1st),JUBILANT DEVOTION
JUBILANTE DEVOTION (2nd),JUBILANT DEVOTION
CEMTEX DELIGENCE (1st),CEMTEX DILIGENCE
CEMTEX DELIGENCE (2nd),CEMTEX DILIGENCE
SAKIZAYA TREASURE 2,SAKIZAYA TREASURE
WU GUI SHAN V,WU GUI SHAN
CENTEX DELIGENCE,CEMTEX DILIGENCE
THE UNIT,THE UNITY
CPT DIMITRIOS,CPT DIMITRIOS S
ADMIRAL JIMMY,ADMIRAL JIMMU
AFRICAN GRAECA,AFRICA GRAECA
AGIA EKATHERINI,AGIA EKATERINI
AGIA SOPHIA,AGIA SOFIA 
AGIOS CONSTANTINOS,AGIOS KONSTANTINOS 
AGNES (02nd berth),AGNES
AIKATERI,AIKATERINI
EPICURUS/LR1,EPICURUS
MAERSK KALEA OOS,MAERSK KALEA
FOREVER DELIGHTB,FOREVER DELIGHT
OCEAN PRINCESS OOS,OCEAN PRINCESS
MAERSK KAELA,MAERSK KALEA
PARTRDIGE PACIFIC,PARTRIDGE PACIFIC
MARLIN LE HARVE,MARLIN LE HAVRE
SEA STRATUS OOS,SEA STRATUS
SANMAR SLOKA/LR1,SANMAR SLOKA
EASTERLY SERIUS,EASTERLY SIRIUS
SUVRETTA- AG PPT,SUVRETTA
PIS PARMEGON,PIS PARAGON
CONSTANZA,COSTANZA M
MARLIN LMEGOS,MARLIN LAGOS
PROTEUS REBECCA OOS,PROTEUS REBECCA
ACHHILLEAS,ACHILLEAS
LYRIC MMEGNOLIA,LYRIC MAGNOLIA
PELMEGIC TAIMEN,PELAGIC TAIMEN
ELISABETH I.A.,ELIZABETH I.A.
TORM KRISTEN,TORM KIRSTEN
YASA SHOUTHERN CROSS,YASA SOUTHERN CROSS
PROTEUS SINEAD O/O,PROTEUS SINEAD
KAVAFIX,KAVAFIS
PROTEUS SINEAD S,PROTEUS SINEAD
MARITIME KELLY ANN,MARITIME KELLY ANNE
CLEAROCENA MORITZ,CLEAROCEAN MORITZ
JMEG AANCHAL,JAG AANCHAL
KALAMOS EX DD,KALAMOS
JMEG PRERANA,JAG PRERANA
CSK ENDEAVOR,CSK ENDEAVOUR
SEAODYESSEY,SEAODYSSEY
EASTERN SYMPHONY,EASTERLY SYMPHONY
SANNMAR SANGEET,M.T SANMAR SANGEET
LILAC VCICTORIA,LILAC VICTORIA
B.K.ENAM,BUNGA KASTURI ENAM
ANTARTICA,ANTARCTICA
GRAND WINER I,GRAND WINNER 1
OCEAN PRINCESS,OCEAN PRINCESS I
TORM SPORE,TORM SINGAPORE
JMEG PRANAV,JAG PRANAV
TORM MEGNES,TORM AGNES
SANTIMEGO I,SANTIAGO I
AQUALEGECY,AQUALEGACY
AEGAN MYTH,AEGEAN MYTH
GEORGIA M/LRI,GEORGIA M
SEALEGEND/LR2,SEALEGEND
EASTERLY CAYON,EASTERLY CANYON
ECO MARINA DEL RAY,ECO MARINA DEL REY
FMPC P IDEAL,FPMC P IDEAL
GRAND WINER I,GRAND WINER 1
HORIZON APHROTITE,HORIZON APHRODITE
JAG PAHEL,M.T.JAG PAHEL
JMEG PRABHA,JAG PRABHA
KRITI RICK,KRITI ROCK
MAERKS AEGEAN,MAERSK AEGEAN
MMEGNOLIA EXPRESS,MAGNOLIA EXPRESS
SHAN HU ZUO - CHENNAI 27/I0,SHAN HU ZUO
SILVER MILIE,SILVER MILLIE
STAR EMEGLE,STAR EAGLE
EUROVICTORY,EURO VICTORY
CH.HANG GUANG RONG,CHANG HANG GUANG RONG
OCTO LUNE,OCTA LUNE
SILVER ERVILLA,SILVER ERVILIA
MANGA GALATASARAY,MANTA GALATASARAY
PANTERIS,PANTELIS
JMEG PRANAM,JAG PRANAM
STI FONTVIELLE,S FONTVIEILLE
C.HANG GUANG RONG,CHANG HANG GUANG RONG
SUNSHINE EXPRES,SUNSHINE EXPRESS
ARDOMORE SEAVALIANT,ARDMORE SEAVALIANT
PS CROWN,PM CROWN
ARD.SEAVALIANT,SEA VALIANT
LADYBUT,LADYBUG
AMAZ.FORTITUDE,AMAZON FORTITUDE
SILVER ELIE,SILVER ELLIE
YELLOW STAR,YELLOW STARS
HIGH DICOVERY,HIGH DISCOVERY
